object,color,cand_idx,path,url,original_caption
ball,black,0,ball/black/cand_000.png,http://shopxml.com/uploads/prod14/img1_00/003/12405973_1352311485.jpg,10mm Stainless Steel and 10mm Black Onyx Beads 11 Bead Shamballa Bracelet with Black String
ball,black,1,ball/black/cand_001.png,http://images.fineartamerica.com/images-small/black-and-blue-jig-robert-ballance.jpg,Largemouth Paintings - Black and Blue Jig by Robert Ballance
flower,brown,0,flower/brown/cand_000.png,https://cdn11.bigcommerce.com/s-x49po/images/stencil/500x659/products/85/5555/41Narcissus04__37789__88647.1409744757.jpg?c=2,"Flower03 - 32in X 32in,41Narcissus04_3232,Yellow, Brown,80X80,Replicas Art Canvas Painting"
ball,black,2,ball/black/cand_002.png,https://i5.walmartimages.com/asr/d070cb02-79a7-4e7f-9da0-603ac585a04b_1.0afc4a57e7a92c2a52a0bd1a05480eac.jpeg?odnWidth=200&amp;odnHeight=200&amp;odnBg=ffffff,"""New Orleans Football """"I Bleed Black and Gold, Go New Orleans"""" T-Shirt, Black"""
apple,blue,0,apple/blue/cand_000.png,https://us.123rf.com/450wm/dml5050/dml50501102/dml5050110200078/8817913-alcoholic-cocktails-many-drinks-beverages-blue-hawaiian-mojito-sex-on-the-beach-tropical-martini-teq.jpg?ver=6,"Alcoholic Cocktails. Many drinks beverages Blue hawaiian, mojito; Sex on the beach, tropical  Martini, tequila sunrise, margarita, champagne and cognac glass, cocktail umbrella, cherry, lime and pineapple photo"
apple,orange,0,apple/orange/cand_000.png,https://us.123rf.com/450wm/helenaak14/helenaak141906/helenaak14190600228/127036041-pineapple-orange-lemon-grapefruit-lime-coconut-and-palm-leaves-lying-on-white-background.jpg?ver=6,"Pineapple, orange, lemon, grapefruit, lime, coconut and palm leaves lying on white background Reklamní fotografie"
apple,white,0,apple/white/cand_000.png,https://s-media-cache-ak0.pinimg.com/736x/18/8d/46/188d46bb5d55508d90bc7575a81f878d.jpg,Protein Banana Bread – Take your health to the next level with this Protein Banana Bread recipe! Ingredients: 2 ripe Bananas 3/4 cup Oat Flour 3/4 cup CORE Vanilla Bean Protein Shake 1 cup 0% fat GreekYogurt 1/3 cup Egg Whites 1/4 cup Unsweetened Applesauce 6 packets of Stevia 2 tsp pure Vanilla Ext
ball,black,3,ball/black/cand_003.png,http://shopxml.com/uploads/prod14/img1_00/003/12405892_1351151547.jpg,8mm Matte Black Onyx and Saphire Blue Disco Ball Beads 11 Bead Shamballa Bracelet with Black String
ball,black,4,ball/black/cand_004.png,https://us.123rf.com/450wm/dariusl/dariusl1108/dariusl110800087/10344243-3d-green-chrome-ball-network-communication-black.jpg?ver=6,"intercommunication: 3d, green, chrome, ball, network, communication, black"
apple,white,1,apple/white/cand_001.png,http://ecx.images-amazon.com/images/I/31QB5kRvugL.jpg,"Apple iPad Mini ME220LL/A (64GB, Wi-Fi + Sprint 4G, White)"
apple,white,2,apple/white/cand_002.png,https://lh3.googleusercontent.com/v1Bwzc1gRSko_yNbWOhnAZOKt_Ss36gplSXDdlTLRzFfc523xWWybeHPZgEwKGiQgs6JvGTX0AP18YWo7JZMhSs=s320-c-e365,White Chocolate-Pumpkin Pie Caramel Apples
apple,white,3,apple/white/cand_003.png,https://bodasyweddings.com/wp-content/uploads/2016/04/Snow-White-inspired-candied-apples.jpg,Snow White inspired candied apples. So maybe you aren't getting married in a castle. You can still add a touch of Disney Magic to your special day.
apple,orange,1,apple/orange/cand_001.png,"https://dr9wvh6oz7mzp.cloudfront.net/i/61c6657a88b7d29a0a1511f69ee28b46_ra,w128,h154_pa,w128,h154.jpeg",AppleCheeks Diaper Cover Orange You Glad
apple,blue,1,apple/blue/cand_001.png,https://assets.epicurious.com/photos/54b05bf4fca98987608b0cb4/1:1/w_400%2Cc_limit/51124280_spiced-bundt-cake_1x1.jpg,Spiced bundt cake topped with apple caramel sauce and powdered sugar on a blue serving platter.
banana,blue,0,banana/blue/cand_000.png,https://64.media.tumblr.com/bb82195e3bb8c5efa3354e827b2e5736/tumblr_mmuz5rquxJ1s9r51vo1_1280.jpg,"cleanbodyfreshstart:  {four sliced bananas, frozen blueberries, roasted buckwheat, walnuts, soy milk} 🌻#vegan"
apple,blue,2,apple/blue/cand_002.png,https://i.pinimg.com/736x/02/0b/f8/020bf82c0e37d2ae65993abf3b3b9d5c--wallpaper-for-mobile-apple-wallpaper.jpg,Iphone logo: Blue Orange Apple
apple,white,4,apple/white/cand_004.png,http://miniimg4.rightinthebox.com/images/190x176/201610/akeouj1477662857234.jpg,White Leopard Painting PU Phone Case for apple iTouch 5 6
apple,orange,2,apple/orange/cand_002.png,https://www.idboox.com/wp-content/uploads/2017/09/Apple-Watch-Series-3.jpg,Apple Watch Series 3 chez Orange
apple,orange,3,apple/orange/cand_003.png,https://cdn.shopify.com/s/files/1/0465/0188/8158/products/5f66ec4b99b44-Apple-iPhone-6s-with-Apple-Hole_300x300.jpg?v=1600580747,Phone Case for Apple iPhone - Just Chillin' Orange
flower,brown,1,flower/brown/cand_001.png,http://i00.i.aliimg.com/wsphoto/v0/975081542/red-rose-flower-with-brown-leopard-animal-printed-bedding-set-3D-oil-painting-bed-linen-cotton.jpg_200x200.jpg,red rose flower with brown leopard animal printed bedding set 3D oil painting bed linen cotton full queen duvet covers sets 4pcs
apple,blue,3,apple/blue/cand_003.png,https://www.hicity.fr/img/220x220/mini-haut-parleur-enceinte-portable-sans-fil-bluetooth-haut-parleur-k01-or-109039.jpg,Mini Haut Parleur Enceinte Portable Sans Fil Bluetooth Haut-Parleur K01 pour Apple iPhone Xs Max Or
banana,blue,1,banana/blue/cand_001.png,https://1.bp.blogspot.com/-7sXk3dephTw/V0SFxk84Z3I/AAAAAAAAqcE/Cet-f7ON8FUZ3FSxwv9gr1a83MFAu23fACLcB/s1600/French%2BToast%2BKebabs%2Bwith%2BChocolate%2BHazelnut%2BDrizzle.jpg,"French Toast Kebabs with Chocolate Hazelnut Drizzle are a simple and fun brunch recipe that is loaded with fresh bananas, strawberries, raspberries and blueberries! www.nutritionistreviews.com"
apple,blue,4,apple/blue/cand_004.png,https://images-na.ssl-images-amazon.com/images/I/41Odss97kUL.jpg,"Headset System Bluetooth Usb (Wall Charger, 2.4A 12W Dual Port Portable Universal USB Wall Charger Apple iPhone,iPad, Samsung Galaxy, HTC Nexus Moto BlackBerry, Bluetooth Speaker Headset & Power Bank, White (2-Pack))"
flower,brown,2,flower/brown/cand_002.png,https://static2.bigstockphoto.com/thumbs/9/2/6/small2/62904355.jpg,stock photo of origanum majorana  - fresh flavoring herbs oregano in brown wicker basket flowerpot isolated on white background - JPG
banana,blue,2,banana/blue/cand_002.png,https://media1.popsugar-assets.com/files/thumbor/jSZ9AbWmfXkktEbcOKKbIyBR0Ho/fit-in/1024x1024/filters:format_auto-!!-:strip_icc-!!-/2017/09/07/998/n/1922729/bf626cda7d311a86_blueberry-oatmeal-pancakes-4/i/Blueberry-Oatmeal-Vegan-Pancakes.jpg,how to make flourless blue berry banana pancakes
flower,brown,3,flower/brown/cand_003.png,https://cdn.shopify.com/s/files/1/0292/8053/products/DSC_0021_fb7b7d23-ed8f-4fc2-9f08-9d1796724115_large.JPG?v=1571271349,Antique Staffordshire Yellow Chintz & Brown Two Color Transferware Plate Roses Flowers
flower,brown,4,flower/brown/cand_004.png,https://images.collection.cooperhewitt.org/220604_65c0375cea21d1dc_n.jpg,"Fragment showing two birds amidst flowers, leaves and tree branches. Colors are brown, pink and black with blue and yellow making green."
banana,blue,3,banana/blue/cand_003.png,https://us.123rf.com/450wm/chekat/chekat1603/chekat160300041/53774069-seamless-vector-pattern-of-yellow-bananas-on-a-blue-background-.jpg?ver=6,Seamless vector pattern of yellow bananas on a blue background.
banana,blue,4,banana/blue/cand_004.png,https://dtpmhvbsmffsz.cloudfront.net/posts/2015/08/25/55dcd5af713fde49bd02a354/s_55dcd5af713fde49bd02a355.jpg,Banana Republic nude and blue Purse
apple,orange,4,apple/orange/cand_004.png,http://news.bbcimg.co.uk/media/images/71485000/jpg/_71485961_2.jpg,Drawings of 5 oranges and 3 apples
ball,black,0,ball/black/cand_000.png,http://shopxml.com/uploads/prod14/img1_00/003/12405973_1352311485.jpg,10mm Stainless Steel and 10mm Black Onyx Beads 11 Bead Shamballa Bracelet with Black String
ball,black,1,ball/black/cand_001.png,http://images.fineartamerica.com/images-small/black-and-blue-jig-robert-ballance.jpg,Largemouth Paintings - Black and Blue Jig by Robert Ballance
flower,brown,0,flower/brown/cand_000.png,https://cdn11.bigcommerce.com/s-x49po/images/stencil/500x659/products/85/5555/41Narcissus04__37789__88647.1409744757.jpg?c=2,"Flower03 - 32in X 32in,41Narcissus04_3232,Yellow, Brown,80X80,Replicas Art Canvas Painting"
ball,black,2,ball/black/cand_002.png,https://i5.walmartimages.com/asr/d070cb02-79a7-4e7f-9da0-603ac585a04b_1.0afc4a57e7a92c2a52a0bd1a05480eac.jpeg?odnWidth=200&amp;odnHeight=200&amp;odnBg=ffffff,"""New Orleans Football """"I Bleed Black and Gold, Go New Orleans"""" T-Shirt, Black"""
apple,blue,0,apple/blue/cand_000.png,https://us.123rf.com/450wm/dml5050/dml50501102/dml5050110200078/8817913-alcoholic-cocktails-many-drinks-beverages-blue-hawaiian-mojito-sex-on-the-beach-tropical-martini-teq.jpg?ver=6,"Alcoholic Cocktails. Many drinks beverages Blue hawaiian, mojito; Sex on the beach, tropical  Martini, tequila sunrise, margarita, champagne and cognac glass, cocktail umbrella, cherry, lime and pineapple photo"
apple,orange,0,apple/orange/cand_000.png,https://us.123rf.com/450wm/helenaak14/helenaak141906/helenaak14190600228/127036041-pineapple-orange-lemon-grapefruit-lime-coconut-and-palm-leaves-lying-on-white-background.jpg?ver=6,"Pineapple, orange, lemon, grapefruit, lime, coconut and palm leaves lying on white background Reklamní fotografie"
apple,white,0,apple/white/cand_000.png,https://s-media-cache-ak0.pinimg.com/736x/18/8d/46/188d46bb5d55508d90bc7575a81f878d.jpg,Protein Banana Bread – Take your health to the next level with this Protein Banana Bread recipe! Ingredients: 2 ripe Bananas 3/4 cup Oat Flour 3/4 cup CORE Vanilla Bean Protein Shake 1 cup 0% fat GreekYogurt 1/3 cup Egg Whites 1/4 cup Unsweetened Applesauce 6 packets of Stevia 2 tsp pure Vanilla Ext
ball,black,3,ball/black/cand_003.png,http://shopxml.com/uploads/prod14/img1_00/003/12405892_1351151547.jpg,8mm Matte Black Onyx and Saphire Blue Disco Ball Beads 11 Bead Shamballa Bracelet with Black String
ball,black,4,ball/black/cand_004.png,https://us.123rf.com/450wm/dariusl/dariusl1108/dariusl110800087/10344243-3d-green-chrome-ball-network-communication-black.jpg?ver=6,"intercommunication: 3d, green, chrome, ball, network, communication, black"
apple,white,1,apple/white/cand_001.png,http://ecx.images-amazon.com/images/I/31QB5kRvugL.jpg,"Apple iPad Mini ME220LL/A (64GB, Wi-Fi + Sprint 4G, White)"
ball,black,5,ball/black/cand_005.png,https://photos6.spartoo.eu/photos/519/5197613/5197613_350_A.jpg,Shoes Children Football shoes Nike TIEMPO RIO IV FG JUNIOR Black / White
apple,white,2,apple/white/cand_002.png,https://lh3.googleusercontent.com/v1Bwzc1gRSko_yNbWOhnAZOKt_Ss36gplSXDdlTLRzFfc523xWWybeHPZgEwKGiQgs6JvGTX0AP18YWo7JZMhSs=s320-c-e365,White Chocolate-Pumpkin Pie Caramel Apples
apple,white,3,apple/white/cand_003.png,https://bodasyweddings.com/wp-content/uploads/2016/04/Snow-White-inspired-candied-apples.jpg,Snow White inspired candied apples. So maybe you aren't getting married in a castle. You can still add a touch of Disney Magic to your special day.
ball,black,6,ball/black/cand_006.png,https://i.pinimg.com/236x/c2/6b/b6/c26bb6ede0070925f0a45e9e94b0a693--baseball-app.jpg,"""""""I never get tired of doing these nails #sfgiants #worldchamps #ringceremony #sfgiantsnails #baseball #baseballnails #springnails #wsring #opi #putacoaton #colorclubwhampow #whampow #colorclubmamba #blackonyx #freehand #nailart #freehandart #nails #nailideas #nubart #giantsnails #giants #worldseri"
apple,orange,1,apple/orange/cand_001.png,"https://dr9wvh6oz7mzp.cloudfront.net/i/61c6657a88b7d29a0a1511f69ee28b46_ra,w128,h154_pa,w128,h154.jpeg",AppleCheeks Diaper Cover Orange You Glad
ball,black,7,ball/black/cand_007.png,"https://images.boardriders.com/global/rvca-products/all/default/hi-res/mhahwrff_rvca,fg_blk_bck1.jpg",2 RVCA Flex Fit Baseball Hat Black MHAHWRFF RVCA
ball,black,8,ball/black/cand_008.png,https://i5.walmartimages.com/asr/962dc6c8-220d-4fcc-a279-c4886ba2621e_1.e3ec3b893d243cea66c4993ed2fbd36f.jpeg?odnHeight=450&odnWidth=450&odnBg=FFFFFF,"3dRose Happy 40th Birthday - Modern stylish floral Balloons. Elegant black brown blue 40 year old Bday - Towel, 15 by 22-inch"
apple,blue,1,apple/blue/cand_001.png,https://assets.epicurious.com/photos/54b05bf4fca98987608b0cb4/1:1/w_400%2Cc_limit/51124280_spiced-bundt-cake_1x1.jpg,Spiced bundt cake topped with apple caramel sauce and powdered sugar on a blue serving platter.
banana,blue,0,banana/blue/cand_000.png,https://64.media.tumblr.com/bb82195e3bb8c5efa3354e827b2e5736/tumblr_mmuz5rquxJ1s9r51vo1_1280.jpg,"cleanbodyfreshstart:  {four sliced bananas, frozen blueberries, roasted buckwheat, walnuts, soy milk} 🌻#vegan"
apple,blue,2,apple/blue/cand_002.png,https://i.pinimg.com/736x/02/0b/f8/020bf82c0e37d2ae65993abf3b3b9d5c--wallpaper-for-mobile-apple-wallpaper.jpg,Iphone logo: Blue Orange Apple
ball,black,9,ball/black/cand_009.png,https://cdn.shopify.com/s/files/1/0412/8384/6300/products/StarClusterAirloonz2_300x300.jpg?v=1600437585,Star Cluster Balloon (black/gold)
apple,white,4,apple/white/cand_004.png,http://miniimg4.rightinthebox.com/images/190x176/201610/akeouj1477662857234.jpg,White Leopard Painting PU Phone Case for apple iTouch 5 6
ball,black,10,ball/black/cand_010.png,https://www.fantraxhq.com/wp-content/uploads/2019/01/yasmani-grandal-two-catcher-formats.jpg,Fantasy Baseball Black Book: Why Two-Catcher Formats Must Die
apple,orange,2,apple/orange/cand_002.png,https://www.idboox.com/wp-content/uploads/2017/09/Apple-Watch-Series-3.jpg,Apple Watch Series 3 chez Orange
ball,black,11,ball/black/cand_011.png,https://us.123rf.com/450wm/chatcameraman/chatcameraman1907/chatcameraman190700007/128701769-volleyball-ball-icon-set-with-black-white-and-colorful-ball-on-white-background-vector-illustration-.jpg?ver=6,"volleyball ball icon set with black, white and colorful ball on white background, vector illustration design Reklamní fotografie - 128701769"
apple,white,5,apple/white/cand_005.png,https://twt-thumbs.washtimes.com/media/image/2019/05/22/AP_18121618654687_c0-0-4971-2898_s885x516.jpg?2d644c0a1de8fbaec36815c970435ab36d15ecc4,"Michael Caputo, left, joined by his attorney Dennis C. Vacco, leaves after being interviewed by Senate Intelligence Committee staff investigating Russian meddling in the 2016 presidential election, on Capitol Hill in Washington, Tuesday, May 1, 2018. (AP Photo/J. Scott Applewhite)"
ball,black,12,ball/black/cand_012.png,http://dpegb9ebondhq.cloudfront.net/product_photos/2415582/ballet_shoes_black_le_1_medium.jpg,Ballet_shoes_black_le_1_medium
apple,orange,3,apple/orange/cand_003.png,https://cdn.shopify.com/s/files/1/0465/0188/8158/products/5f66ec4b99b44-Apple-iPhone-6s-with-Apple-Hole_300x300.jpg?v=1600580747,Phone Case for Apple iPhone - Just Chillin' Orange
ball,black,13,ball/black/cand_013.png,https://img.freepik.com/free-photo/excited-young-black-male-hitting-ball-seashore_23-2148137822.jpg?size=626&ext=jpg,Excited young black male hitting ball on seashore
ball,black,14,ball/black/cand_014.png,https://images-na.ssl-images-amazon.com/images/I/4169s-Lei6L.jpg,Homme Nike Academy T Football Total Multicolore Vaporx Orange Chaussures 810 Black de 12 IC wq0xg0YE7r
flower,brown,1,flower/brown/cand_001.png,http://i00.i.aliimg.com/wsphoto/v0/975081542/red-rose-flower-with-brown-leopard-animal-printed-bedding-set-3D-oil-painting-bed-linen-cotton.jpg_200x200.jpg,red rose flower with brown leopard animal printed bedding set 3D oil painting bed linen cotton full queen duvet covers sets 4pcs
ball,black,15,ball/black/cand_015.png,https://images-na.ssl-images-amazon.com/images/I/41Rwbum%2BkDL.jpg,DREAM PAIRS Little Kid 160472-K Red Black Silver Soccer Football Cleats Shoes - 12 M US Little Kid
ball,black,16,ball/black/cand_016.png,https://us.123rf.com/450wm/betochagas/betochagas1312/betochagas131200542/24750180-football-player-with-a-black-uniform-on-a-black-background.jpg?ver=6,"football player: Football Player with a black uniform, on a black background. Stock Photo"
ball,black,17,ball/black/cand_017.png,https://cdn.shopify.com/s/files/1/1080/7140/products/AMHO113-HGREYBLACK-3_medium.jpg?v=1483577474,HGRAYBLACK Quilted Baseball Hoodie Jacket - URBANCREWS
apple,white,6,apple/white/cand_006.png,https://t2.ftcdn.net/jpg/00/48/47/81/400_F_48478146_dO9YP59hzJp8s7cR9PypV6QOZiy7tyCM.jpg,Useful apple juice with apples around isolated on white
ball,black,18,ball/black/cand_018.png,https://meallogger.files.wordpress.com/2015/08/unnamed.jpg?w=300&,"Hockey balls during the Hockey Golden Summer Series - Black Sticks Men v Korea, Tauranga Hockey Centre, Blake Park, Mount Maunganui, New Zealand. Saturday 19 February 2011. Photo: Simon Watts/PHOTOSPORT"
apple,blue,3,apple/blue/cand_003.png,https://www.hicity.fr/img/220x220/mini-haut-parleur-enceinte-portable-sans-fil-bluetooth-haut-parleur-k01-or-109039.jpg,Mini Haut Parleur Enceinte Portable Sans Fil Bluetooth Haut-Parleur K01 pour Apple iPhone Xs Max Or
apple,white,7,apple/white/cand_007.png,http://hd.wallpaperswide.com/thumbs/nagoya_castle_in_black_and_white-t2.jpg,Nagoya Castle In Black And White ❤ 4K UHD Wallpaper for Wide 16:10 5:3 Widescreen WHXGA WQXGA WUXGA WXGA WGA ; 4K UHD 16:9 Ultra High Definition 2160p 1440p 1080p 900p 720p ; UHD 16:9 2160p 1440p 1080p 900p 720p ; Standard 4:3 5:4 3:2 Fullscreen UXGA XGA SVGA QSXGA SXGA DVGA HVGA HQVGA ( Apple Power
apple,white,8,apple/white/cand_008.png,https://img3.stockfresh.com/files/sstk/20/654928-stock-photo-green-apples-with-stethoscope-against-white-background-69124408.jpg,Green apple and measuring tape with stethoscope on white  stock photo © Sandralise
ball,black,19,ball/black/cand_019.png,https://img01.ztat.net/article/spp-media-p1/881ce743d3d330b380c7a4a125337bd9/277ae5bf3d8f45d0bf92d3d168b03e05.jpg?imwidth=300&filter=packshot,PREDATOR SPORTS FOOTBALL SHIN GUARD UNISEX - Shin pads - white/silvmt/black
apple,white,9,apple/white/cand_009.png,https://s.sdgcdn.com/7/2018/10/6c411c30b1831edb79701f31d8e9254f64b7c16c_white__1_-600x600.jpg,Apple iPhone XR 128GB White
ball,black,20,ball/black/cand_020.png,http://debenhams.scene7.com/is/image/Debenhams/37484_BJER026670?$V7PdpLarge$,Betty Jackson.Black - Rose gold and glass ball cluster drop earring
ball,black,21,ball/black/cand_021.png,https://cdn.shopify.com/s/files/1/1415/1788/products/51oCl6q44aL._SL1000_large.jpg?v=1571439357,"""Swarovski Crystal Trimmed Chandelier Black Wrought Iron Crystal Chandelier Lighting H 19"""" W 20"""" Dressed With Feng Shui 40Mm Crystal Balls - A83-B6/3530/6 Sw"""
banana,blue,1,banana/blue/cand_001.png,https://1.bp.blogspot.com/-7sXk3dephTw/V0SFxk84Z3I/AAAAAAAAqcE/Cet-f7ON8FUZ3FSxwv9gr1a83MFAu23fACLcB/s1600/French%2BToast%2BKebabs%2Bwith%2BChocolate%2BHazelnut%2BDrizzle.jpg,"French Toast Kebabs with Chocolate Hazelnut Drizzle are a simple and fun brunch recipe that is loaded with fresh bananas, strawberries, raspberries and blueberries! www.nutritionistreviews.com"
apple,white,10,apple/white/cand_010.png,https://cdn.shopify.com/s/files/1/2012/3181/products/leather-folding-wallet-case-and-stand-for-apple-iphone-6-plus-white-pink-24539_f76cf060-fccd-4cb4-b203-5b7626d72e29_250x250@2x.jpg?v=1522870401,"Apple Iphone Se - Infolio Leather Folding Wallet Phone Case, White/Pink for Apple iPhone 5/iPhone 5s/iPhone SE"
apple,blue,4,apple/blue/cand_004.png,https://images-na.ssl-images-amazon.com/images/I/41Odss97kUL.jpg,"Headset System Bluetooth Usb (Wall Charger, 2.4A 12W Dual Port Portable Universal USB Wall Charger Apple iPhone,iPad, Samsung Galaxy, HTC Nexus Moto BlackBerry, Bluetooth Speaker Headset & Power Bank, White (2-Pack))"
ball,black,22,ball/black/cand_022.png,https://cdn.shopify.com/s/files/1/1521/7664/products/product-image-116120966.jpg?v=1477930952,(Left and Right) PAF103 10+1BB Ball Bearings Hand Bait Casting Fishing Reel High Speed Bait Casting Pesca 6.3:1 Blue and Black
ball,black,23,ball/black/cand_023.png,https://static2.bigstockphoto.com/8/7/1/large2/178162624.jpg,"American Football Helmet in black. Dots, lines, triangles, text, color effects and background on a separate layers, color can be changed in one click. Vector illustration"
apple,white,11,apple/white/cand_011.png,https://as1.ftcdn.net/jpg/02/21/67/50/500_F_221675087_qNBu672hJRb8rGmP8321OIxNVE1Hei4L.jpg,"Homemade Crispbread toast with Cottage Cheese, Pineapple and honey on white wooden board."
apple,white,12,apple/white/cand_012.png,https://us.123rf.com/450wm/membio/membio1109/membio110900588/10665999-close-up-view-of-some-fresh-royal-gala-apples-isolated-on-a-white-background.jpg,Close up view of some fresh royal gala apples isolated on a white background.
ball,black,24,ball/black/cand_024.png,https://www.futbolemotion.com/imagesarticulos/108810/540/pantalon-largo-nike-football-pant-black-university-red-0.jpg,Pantalón largo  Nike Dry Football Pant Black-University red
apple,blue,5,apple/blue/cand_005.png,https://i.macuser.ua/product/6342/icon.jpg?_=1536933442,Спортивный ремешок Apple 40mm Blue Horizon Sport Band - S/M & M/L
ball,black,25,ball/black/cand_025.png,https://ak1.ostkcdn.com/images/products/10374180/P17480273.jpg?imwidth=320&amp;impolicy=medium,"""""""Papa Says"""" By Susan Ball, Printed Wall Art, Ready To Hang Framed Poster, Black Frame"""
ball,black,26,ball/black/cand_026.png,http://rlv.zcache.co.uk/black_sparkle_disco_ball_40th_birthday_party_invitation-rf1560f20f69a4e92b8b5a66b56e05470_imtzy_8byvr_152.jpg,Black Sparkle Disco Ball 40th Birthday Party Invite
flower,brown,2,flower/brown/cand_002.png,https://static2.bigstockphoto.com/thumbs/9/2/6/small2/62904355.jpg,stock photo of origanum majorana  - fresh flavoring herbs oregano in brown wicker basket flowerpot isolated on white background - JPG
ball,black,27,ball/black/cand_027.png,https://cdn.shopify.com/s/files/1/0012/9577/7903/products/AZDN-2010-K3BLK-AzodinKaos3Semi-Automatic-SPECS_300x300_crop_center.jpg?v=1619468721,Azodin Kaos 3 Semi-Automatic .68 Caliber Paintball Gun Marker - Black / Black - PaintballDeals.com
ball,black,28,ball/black/cand_028.png,https://media.yoox.biz/items/11/11680025RI_12_a.jpg,SHOES Calfskin Tabi ballet flats Black
ball,black,29,ball/black/cand_029.png,https://cdn.shopify.com/s/files/1/0002/2105/2969/products/Hat_13_01_720x@2x.jpeg?v=1556297033,Black Cotton Ballcap
apple,white,13,apple/white/cand_013.png,https://images10.newegg.com/productimage/58-753-148-13.jpg,Apple iPad with Retina Display 4th Gen (32 GB) with Wi-Fi - White - Model # MD514LL/A
apple,blue,6,apple/blue/cand_006.png,https://kimsloans.files.wordpress.com/2013/09/the-beatles-for-you-blue-apple.jpg?w=300&h=300,the-beatles-for-you-blue-apple
apple,white,14,apple/white/cand_014.png,http://ak1.ostkcdn.com/images/products/7512273/BasAcc-White-Flower-Snap-on-Rubber-Coated-Case-for-Apple-iPhone-5-bad706f0-38f2-4819-ba53-b3e09d7bf8a5_320.jpeg,BasAcc White/ Flower Snap-on Rubber Coated Case for Apple� iPhone 5/ 5S
apple,white,15,apple/white/cand_015.png,http://ak1.ostkcdn.com/images/products/6596295/79/232/BasAcc-Universal-White-USB-Travel-Charger-for-Apple-iPod-MLB14167903.jpg,BasAcc Universal White USB Travel Charger for Apple iPod
banana,blue,2,banana/blue/cand_002.png,https://media1.popsugar-assets.com/files/thumbor/jSZ9AbWmfXkktEbcOKKbIyBR0Ho/fit-in/1024x1024/filters:format_auto-!!-:strip_icc-!!-/2017/09/07/998/n/1922729/bf626cda7d311a86_blueberry-oatmeal-pancakes-4/i/Blueberry-Oatmeal-Vegan-Pancakes.jpg,how to make flourless blue berry banana pancakes
flower,brown,3,flower/brown/cand_003.png,https://cdn.shopify.com/s/files/1/0292/8053/products/DSC_0021_fb7b7d23-ed8f-4fc2-9f08-9d1796724115_large.JPG?v=1571271349,Antique Staffordshire Yellow Chintz & Brown Two Color Transferware Plate Roses Flowers
apple,blue,7,apple/blue/cand_007.png,http://ecx.images-amazon.com/images/I/31uKyHRDu8L.jpg,White and Blue Premium Bumper Case for Apple 
apple,white,16,apple/white/cand_016.png,https://farm4.static.flickr.com/3008/2575394599_824b8e3227_m.jpg,Fairytale (Silvie Murrey) Tags: selfportrait me apple fairytale book textures fantasy snowwhite picturesque aod artisticexpression wickedqueen goldstaraward bestflickrphotography
apple,white,17,apple/white/cand_017.png,http://l1.yimg.com/bt/api/res/1.2/19yfg9F2_G1Cg5wnCsRTig--/YXBwaWQ9eW5ld3M7Zmk9ZmlsbDtoPTM3NztpbD1wbGFuZTtweG9mZj01MDtweW9mZj0wO3E9NzU7dz02NzA-/http://media.zenfs.com/en_us/News/ap_webfeeds/c5aba5e0abf85b02270f6a70670032e6.jpg,"FILE - This Jan. 15, 2013 file photo shows House Speaker John Boehner of Ohio walking on Capitol Hill in Washington. Republican leaders scramble for votes on a stopgap debt-limit measure that would let the government keep borrowing until at least mid-May, giving up for now on trying to win spending "
flower,brown,4,flower/brown/cand_004.png,https://images.collection.cooperhewitt.org/220604_65c0375cea21d1dc_n.jpg,"Fragment showing two birds amidst flowers, leaves and tree branches. Colors are brown, pink and black with blue and yellow making green."
apple,blue,8,apple/blue/cand_008.png,https://i.pinimg.com/236x/05/73/85/057385038c93caa22aaf95144e9c0c9f.jpg,"Refreshing sweet, bright Blueberry Pineapple Salsa is addictingly delicious with chips, on chicken, fish, tacos or just a spoon!  This easy salsa makes everything better!"
apple,white,18,apple/white/cand_018.png,https://t1.ftcdn.net/jpg/00/41/83/38/400_F_41833891_bxjZjanwXkRW50Yj6TPVjtE3zIHq12cS.jpg,green apple and it's slice isolated on white
apple,blue,9,apple/blue/cand_009.png,https://images-na.ssl-images-amazon.com/images/I/61EeO8BzLbL._SX569_.jpg,detailed look a6292 be748 kwmobile TPU Silicone Case for Apple iPhone 7 Plus / 8 Plus - Soft Flexible  Shock Absorbent Protective Phone Cover - Light Blue Matte
apple,white,19,apple/white/cand_019.png,https://thumbs.dreamstime.com/t/dark-grey-blackboard-white-lettering-happy-teachers-day-red-vase-white-flowers-green-apple-books-light-pink-69844609.jpg,"Dark grey blackboard with white lettering Happy Teachers Day, red vase with white flowers, green Apple on books Royalty Free Stock Images"
banana,blue,3,banana/blue/cand_003.png,https://us.123rf.com/450wm/chekat/chekat1603/chekat160300041/53774069-seamless-vector-pattern-of-yellow-bananas-on-a-blue-background-.jpg?ver=6,Seamless vector pattern of yellow bananas on a blue background.
banana,blue,4,banana/blue/cand_004.png,https://dtpmhvbsmffsz.cloudfront.net/posts/2015/08/25/55dcd5af713fde49bd02a354/s_55dcd5af713fde49bd02a355.jpg,Banana Republic nude and blue Purse
apple,orange,4,apple/orange/cand_004.png,http://news.bbcimg.co.uk/media/images/71485000/jpg/_71485961_2.jpg,Drawings of 5 oranges and 3 apples
apple,white,20,apple/white/cand_020.png,https://s.ecrater.com/stores/329123/54c374aa8704f_329123f.jpg,Apple iPad 2 with Wi-Fi 16GB - White (2nd generation)
apple,blue,10,apple/blue/cand_010.png,https://farm3.static.flickr.com/2897/14322679726_f96d5c3c08_m.jpg,Wood Forget me not (Myosotis sylvatica) (BiteYourBum.Com Photography) Tags: wood uk blue england me unitedkingdom eastsussex canonef1740mmf4lusm beachyhead forget ipad eastborne myosotissylvatica canonefs60mmf28macrousm woodforgetmenot biteyourbum canoneos7d appleipad dawnandjim canonspeedlite430exi
apple,white,21,apple/white/cand_021.png,http://st.depositphotos.com/1002326/1859/i/110/depositphotos_18593485-Green-apple-and-centimetre-on-white-background.jpg,Stock Photo: Green apple and centimetre on white background
apple,orange,5,apple/orange/cand_005.png,http://www.thebeaderchef.com/wp-content/uploads/2017/11/spiced-apple-cider-4.jpg,"As the days get colder and the days get shorter, snuggle up in something cozy and warm your insides with this Spiced Apple Cider. Flavored with cinnamon, ginger, cloves, nutmeg and orange, it's perfect to sip now and all the way to the spring! - thebeaderchef.com #applecider #spicedcider #cider #fal"
flower,brown,5,flower/brown/cand_005.png,https://static.dezeen.com/uploads/2014/01/Digital-flower-animation-by-Daniel-Brown-based-on-exhibits-at-Dundee-museum_dezeen_7.jpg,Digital flower animation by Daniel Brown based on exhibits at Dundee museum
flower,brown,6,flower/brown/cand_006.png,https://content.ces.ncsu.edu/media/images/100_3598_01.jpg,Strawberry plant with dead brown areas on leaf and flower
apple,blue,11,apple/blue/cand_011.png,http://www.rmndigital.com/wp-content/uploads/2015/07/blink1-220x162.jpeg,Hyundai Launches Blue Link App for Apple Watch
apple,blue,12,apple/blue/cand_012.png,http://ecx.images-amazon.com/images/I/518Eii44CQL._SY300_.jpg,Snugg iPad Air (iPad 5) Case - Smart Cover with Flip Stand & Lifetime Guarantee (Blue Denim) for Apple iPad Air (2013)
banana,blue,5,banana/blue/cand_005.png,https://www.thehealthyhomeeconomist.com/wp-content/uploads/2018/02/green-banana-flour-blueberry-muffins-on-a-plate_mini-150x150.jpg,Green Banana Flour Blueberry Muffins Recipe
apple,blue,13,apple/blue/cand_013.png,https://images10.newegg.com/productimage/A2B9_1_20140704558840770.jpg,HJX Blue 2/3/4 New Funny Skull Hand Pattern Soft Silicone Rubber Case Protective Cover for Apple iPad 2/3/4
apple,blue,14,apple/blue/cand_014.png,https://historymaniacmegan.files.wordpress.com/2016/03/ec552aee0b8ad892f46293ca97ee5e60.jpg?w=300&,"These consist of pineapple and blueberries. Still, it certainly bears a good resemblance to the Batman symbol."
flower,brown,7,flower/brown/cand_007.png,https://mobileimages.lowes.com/product/converted/015415/015415355485.jpg,10.25-Gallon Bracken's Brown Beauty Magnolia Flowering Tree (L21566)
apple,blue,15,apple/blue/cand_015.png,https://thumbs.dreamstime.com/t/apples-blueberry-bowl-flowers-kettle-wooden-background-41396688.jpg,Apples and blueberry Royalty Free Stock Photos
apple,blue,16,apple/blue/cand_016.png,http://ak1.ostkcdn.com/images/products/7109057/80/479/Navy-Blue-360-Swivel-Leather-Case-Crystal-Case-for-Apple-iPad-2-3-P14605755.jpg,Navy Blue 360 Swivel Leather Case/ Crystal Case for Apple iPad 2/ 3
banana,blue,6,banana/blue/cand_006.png,https://i.pinimg.com/236x/43/8d/1d/438d1ded3ef93f91b5e31f31bf09491d--healthy-banana-breakfast-recipes-banana-blueberry-muffins-healthy.jpg,Healthy Blueberry Banana Bread
apple,blue,17,apple/blue/cand_017.png,https://img.autrado.de/409/7352076_640.jpg,Fiesta 1.0 EcoBoost 95PS Titanium 5-türig Winterpaket Klimaautomatik Ford-Navi SYNC 3 DAB+ Bluetooth 8''-Touchscreen Apple Carplay Android Auto PDC
apple,white,22,apple/white/cand_022.png,http://www.staples-3p.com/s7/is/image/Staples/s0786230_sc7?$std$,"AppleCare+ (for iPad with Retina display with Wifi + Cellular (AT&T) 16GB, White)"
apple,blue,18,apple/blue/cand_018.png,https://img0.etsystatic.com/182/0/5223395/il_340x270.1217942882_mei5.jpg,Applejuice Bakelite Hinged Bracelet with Blue Stones *
apple,white,23,apple/white/cand_023.png,https://image.shutterstock.com/image-vector/gold-pineapple-fruit-on-white-260nw-575441683.jpg,Gold Pineapple fruit on a white background. Vector illustration.
apple,blue,19,apple/blue/cand_019.png,http://lh4.ggpht.com/M1Zb3XdfI82DwkhWHu18nZUiG6h9keYGZHaPc2mRFvC9BV7ofDQRNtOao1zrOlAJYCIjD_t9fGNNja0Tb0ZyLQ=s230-c-e365,Blue-Ribbon Apple Pie
apple,orange,6,apple/orange/cand_006.png,https://pressed-qa-static.s3.amazonaws.com/5ba67953_c8d8_40a2_9a59_951b6443cb26,1575ORANGE TURMERIC APPLE LEMON
apple,blue,20,apple/blue/cand_020.png,http://i00.i.aliimg.com/wsphoto/v0/881632350_1/New-SX-907-Wireless-Bluetooth-font-b-A2DP-b-font-Stereo-Headphones-Headset-Earphone-font-b.jpg,New SX-907 Wireless Bluetooth A2DP Stereo Headphones Headset Earphone for Apple Htc PS3 PC Free Shipping(China (Mainland))
apple,blue,21,apple/blue/cand_021.png,https://cdn.shopify.com/s/files/1/1731/9815/products/Gerber_3rd_Foods_Apples_Purple_Carrots_Blueberries_with_Yogurt_Organic_1_ae434cdc-be27-444d-b5e4-e17e72f1622e_grande.jpg?v=1529269921,"Gerber 3rd Foods Apples, Purple Carrots & Blueberries with Yogurt Organic"
apple,white,24,apple/white/cand_024.png,https://i.ebayimg.com/thumbs/images/g/6mYAAOSwE~Rfmhaf/s-l300.jpg,Apple iPhone X 256gb Silver/White (Unlocked) - Excellent Condition
apple,blue,22,apple/blue/cand_022.png,https://64.media.tumblr.com/tumblr_mccxexhX9S1qc3zmuo1_1280.jpg,"Halloween is the perfect time to wow your friends and serve a drink that glows. Luckily for you, Night Out found a recipe for a crowd pleasing drink that does just that. It turns out all you need is tonic water and black lights to create the glowing effect. So check out the recipe for Blackout Punch"
apple,blue,23,apple/blue/cand_023.png,https://cdn.shopify.com/s/files/1/0975/7982/products/11B604D9-4005-4E77-BAF9-9E389007985D-66602-000005471FF3552C_110x110@2x.png?v=1585158030,"Load image into Gallery viewer, Men's blue pineapple shoes front"
apple,white,25,apple/white/cand_025.png,https://us.123rf.com/450wm/iimages/iimages1210/iimages121000300/15666853-illustration-of-a-pineapple-smiling-on-a-white-background.jpg?ver=6,illustration of a pineapple smiling on a white background
apple,blue,24,apple/blue/cand_024.png,https://cdn.shopify.com/s/files/1/0829/8361/products/An_Indian_Summer_Short_Pyjama_Set_Pineapple_Print_Blue_large.jpg?v=1554860792,Pineapple Print Short Pyjama Set - Blue
apple,white,26,apple/white/cand_026.png,https://us.123rf.com/450wm/inbj/inbj1403/inbj140300272/26475168-apple-ipad-and-google-website-on-white-background.jpg,Apple ipad and google website on white background
apple,white,27,apple/white/cand_027.png,https://ak1.ostkcdn.com/images/products/7492817/70408ea8-1a01-49a0-b6f0-3e85ad548042_600.jpg,INSTEN White/ Black Leopard Leather Wallet Phone Case Cover for Apple iPhone 5/ 5S
apple,blue,25,apple/blue/cand_025.png,https://cdn.shopify.com/s/files/1/1344/1149/products/19_DDX9906XR_K_B_F_IMG_GUI_CP_rev2_large.jpg?v=1579692463,"""Pioneer AVH-W4400NEX 7"""" Apple CarPlay - Android Auto - BlueTooth"""
flower,brown,8,flower/brown/cand_008.png,"https://ctl.s6img.com/society6/img/m6CZ6q_1asF-XS-uPsrNNhwSidU/h_264,w_264/framed-prints/10x12/conservation-natural/~artwork/s6-original-art-uploads/society6/uploads/misc/02d7cd42dc6b49b081c8af70ea6fcb00/~~/coffee-brown-sunflower-pattern-orange-turquoise-framed-prints.jpg?wait=0&amp;attempt=0",Coffee Brown Sunflower Pattern Orange & Turquoise Framed Art Print
apple,orange,7,apple/orange/cand_007.png,http://ecx.images-amazon.com/images/P/0374173524.01._SX140_SY224_SCLZZZZZZZ_.jpg,"Apples and Oranges: My Brother and Me, Lost…"
apple,blue,26,apple/blue/cand_026.png,https://t3.ftcdn.net/jpg/02/03/13/72/240_F_203137285_Yc6PoNgF9ZesABphHiEGmXRX9GxbP7Qn.jpg,"Tropical cocktail, pina colada, pineapple and coconut mojito or smoothies, with lime and mint, on a light blue background copy space"
banana,orange,0,banana/orange/cand_000.png,https://ae01.alicdn.com/kf/H93da8734dc4e4e4ca6cd6657e1c410e4T/10-1-inch-1024-600-HDMI-Screen-LCD-font-b-Display-b-font-with-Audio-Driver.jpg,10.1 inch 1024*600 HDMI Screen LCD <font><b>Display</b></font> with Audio Driver Board Monitor for <font><b>Raspberry</b></font> <font><b>Pi</b></font> Banana/Orange <font><b>Pi</b></font> Mini computer image
apple,blue,27,apple/blue/cand_027.png,https://us.123rf.com/450wm/pellinni/pellinni2103/pellinni210300052/165290878-white-apple-blossom-in-morning-sunlight-beautiful-nature-background-in-springtime-tender-flowers-on-.jpg?ver=6,white apple blossom in morning sunlight. beautiful nature background in springtime. tender flowers on the branches in front of the blurry background of twigs and blue sky Stock Photo
flower,brown,9,flower/brown/cand_009.png,https://us.123rf.com/450wm/zagory/zagory2102/zagory210200175/164052472-illustration-in-the-stained-glass-style-with-an-abstract-flower-arrangement-on-a-light-background-sq.jpg?ver=6,"Illustration in the stained glass style with an abstract flower arrangement on a light background, square image, monochrome, tone brown"
apple,orange,8,apple/orange/cand_008.png,http://www.manusmenu.com/wp-content/uploads/2016/10/1-Apple-Orange-Hand-Pies-3-1-of-1-320x320.jpg,Apple Orange Hand Pies
apple,blue,28,apple/blue/cand_028.png,https://cdn.shopify.com/s/files/1/0262/1066/4528/products/il_fullxfull.2105054778_imc4_300x300.jpg?v=1575136633,Hawaiian Print Baby Comforter: Pineapple Patch Blue
apple,orange,9,apple/orange/cand_009.png,https://cdn3.eyeem.com/thumb/4db8e40abe37a5fdd372e21dd447d9b91cbc8e40-1483286539620/w/450,Apple - Fruit Apples Bare Tree Branch Field Frost Frosty Nature No People Orange - Fruit Orange Color Outdoors Sunset Tree
banana,blue,7,banana/blue/cand_007.png,https://i.pinimg.com/736x/ab/74/eb/ab74eb3ccb5e6b3ec30523e2276f904b--banana-republic-jeans-james-jeans.jpg,"White jeans + perfect match + statement printed top + cute blue & white striped blouse + Banana Republic + Amy Jackson + two pieces + pair of neutral coloured heels + simple but stylish summer look! Top: Banana Republic, Jeans: James Jeans, Shoes: Stuart Weitzman, Clutch: Clare."
flower,brown,10,flower/brown/cand_010.png,http://cdn.curtainsmadesimple.co.uk/Images/Fabric/Kobe/Paladio-Collection/2-Selenio-Brown-Yellow.jpg,"Selenio - Brown Yellow (2) - Yellow-brown polyester and viscose blend fabric behind a simple, delicate pattern of flowers and swirls in citr"
apple,white,28,apple/white/cand_028.png,https://twt-thumbs.washtimes.com/media/image/2013/01/03/congress_c0-217-5184-3238_s326x190.jpg?237c95e4d4c0a50a0fa1999c90cdf8e256feee49,"Anne Easby-Smith, left, and Trace Robbins, right, who work for House Speaker John Boehner, help to prepare the Rayburn Room on Capitol Hill in Washington, Wednesday, Jan. 2, 2013, where members of the House of Representatives will pose for pictures at an oath-of-office ceremony with Boehner. (AP Pho"
flower,brown,11,flower/brown/cand_011.png,https://cdn.shopify.com/s/files/1/1028/1727/products/FB410BR_1024x1024.jpg?v=1445104370,Chocolate Brown Satin Flower Girl Basket
apple,orange,10,apple/orange/cand_010.png,http://img2.etsystatic.com/000/0/5202809/il_170x135.193016798.jpg,Felt Patterns - Whole Fruits Set - Apple Orange Pear Persimmon Peach Strawberry (Patterns and Instructions via Email)
apple,blue,29,apple/blue/cand_029.png,http://cdn.firstcry.com/brainbees/images/products/165x200/595289a.jpg,Babyhug Multi Purpose Baby Mat Apple Rabbit Print Set Of 4 - Blue
apple,white,29,apple/white/cand_029.png,https://static1.bigstockphoto.com/1/2/1/large2/121862090.jpg,simple black and white freehand drawn cartoon apple
flower,brown,12,flower/brown/cand_012.png,https://makeshop-multi-images.akamaized.net/pantyjapan/shopimages/45/94/7_000000009445.jpg?1596523815,HTC SUNSET Key Holder Snap Flower #1 TQS B / Brown
banana,blue,8,banana/blue/cand_008.png,https://images-eu.ssl-images-amazon.com/images/I/41HThNG77pL._SL500_AC_SS350_.jpg,COOL BANANAS ShockProof Sleeve | Bag | Case with strong nylon and memory-foam-effect for best protection | perfectly fitted for Apple MacBook Air 11 inch | Color blue
flower,brown,13,flower/brown/cand_013.png,http://cdn1.projectwedding.com/1375612784_1370985914_REAL_WEDDINGS_Carina-and-Jeff-Ventura-California-12.jpeg,"Flowers & Decor, Real Weddings, Wedding Style, brown, Lighting, West Coast Real Weddings, Garden Real Weddings, Garden Weddings, Chandelier, Chandeliers"
flower,brown,14,flower/brown/cand_014.png,https://i.pinimg.com/236x/8f/e0/8d/8fe08dd8ad9857de94a66d4d1b05fbda.jpg,"Zero points:  Cauliflower popcorn (Break a head of cauliflower into popcornlike, bite-size florets, then spread them on a baking sheet lined with parchment paper. Spray the cauliflower lightly with butter-flavor cooking spray, then sprinkle lightly with turmeric, freshly ground pepper, and sea salt."
flower,brown,15,flower/brown/cand_015.png,http://s3.amazonaws.com/spoonflower/public/design_thumbnails/0096/7006/rrrabstractbrown_shop_preview.png,abstract brown fabric by krs_expressions on Spoonflower - custom fabric
flower,brown,16,flower/brown/cand_016.png,http://rlv.zcache.co.uk/personalised_name_brown_flowers_bumper_stickers-r26eac935ffd148b3852d2c3466ab9e32_v9wht_8byvr_324.jpg,Personalised name brown flowers bumper stickers
flower,brown,17,flower/brown/cand_017.png,https://images-na.ssl-images-amazon.com/images/I/61xUeZu6sQL.jpg,"RUGSMAT Nature Modern Vintage Rugs,Japanese Plant Sakura Flower with Abstract Backdrop Art Area Rug - Perfect for Any Place,Diameter-71 Inch Dark Brown Dark Coral and Pale Pink by RUGSMAT (Image #1)"
apple,orange,11,apple/orange/cand_011.png,https://bizweb.dktcdn.net/thumb/medium/100/278/585/products/hidripicedsaltbloodorangepineapple30ml-8455.jpg?v=1595850688000,30ml salt mỹ HI DRIP BLOOD ORANGE PINEAPPLE - Dứa cam đỏ
flower,brown,18,flower/brown/cand_018.png,http://rlv.zcache.com/cute_toon_fairy_in_brown_and_gold_flower_dress_ipad_mini_case-r4ff41b008fa94da6a2cccc7d145a45b9_w9jws_8byvr_324.jpg,Cute Toon Fairy in Brown and Gold Flower Dress iPad Mini Case
apple,orange,12,apple/orange/cand_012.png,https://i.pinimg.com/236x/ca/3a/6f/ca3a6f36720458ce3dcd81171bf45862--apple-roses-babyshower.jpg,"High tea - Apple roes - How to: Appelroosjes Cuisine Diverse, Creative Food, Afternoon Tea, Sweet Recipes, Orange Recipes, Easy Recipes, Food Inspiration, Love Food, Food To Make"
apple,orange,13,apple/orange/cand_013.png,https://d2k9njawademcf.cloudfront.net/indeximages/14380/thumb_square/DSC00901.jpg?1403251538,Orange Scented Almond Tart with Apples and Prune Jam
banana,blue,9,banana/blue/cand_009.png,https://ashsinthekitchen.files.wordpress.com/2020/09/blueberry-banana-pancakes-2.jpg?w=750,Blueberry Banana Pancakes Recipe by Ash's In The Kitchen
apple,orange,14,apple/orange/cand_014.png,http://cdn2.bigcommerce.com/server5900/2gwuho/products/13253/images/77391/PF766SWCROR_1__07298.1492461258.190.190.jpg?c=2,Piel Frama 766 Orange Swarovski Crocodile Classic Magnetic Leather Case for Apple iPhone 7 Plus
flower,brown,19,flower/brown/cand_019.png,http://img3.etsystatic.com/012/0/5280936/il_170x135.449295911_6cnd.jpg,"Crocheted flower bookmark, crochet, sunflower, daisy, yellow, green, brown, leaf, retro"
apple,orange,15,apple/orange/cand_015.png,http://ecx.images-amazon.com/images/I/51k40j1kc8L._SL160_.jpg,"SAVFY New Apple iPad Air (2013 Edition) Ultra Thin Magnetic Smart Cover Stand Orange & Clear Crystal Hard Back Case, with Auto Sleep and Wake Sensor and Special Hook Design for Apple iPad Air iPad 5 Generation, EXTRA Gift: SAVFY Stylus Pen + SAVFY Screen"
flower,brown,20,flower/brown/cand_020.png,http://ecx.images-amazon.com/images/I/51SEnaUlefL._SL300_.jpg,Fashion Women's Retro Flower Lovely Panda Owl Elephant Anchor Rose Gold Plated Faux Leather Vintage Wrist Watch (flower brown)
apple,orange,16,apple/orange/cand_016.png,http://i1.avlws.com/19/m826029.png,Alpine Aire Foods Pineapple Orange Chicken
apple,orange,17,apple/orange/cand_017.png,https://images.artistrunwebsite.com/arwblog/bg_13181400284320.jpg?1400284320,photograph of an apple and orange that has text overlaid that says creating variety
polar bear,blue,0,polar_bear/blue/cand_000.png,https://cdn.shopify.com/s/files/1/0258/9792/6703/products/DSC_8108.jpg?v=1603569172,Polar Bear with Scarf on Blue
flower,brown,21,flower/brown/cand_021.png,https://image.shutterstock.com/image-photo/stock-photo-front-view-of-a-bright-yellow-rosebud-with-green-leaves-under-a-brown-heavy-sneaker-the-flower-in-450w-1361186246.jpg,Front view of a bright yellow rosebud with green leaves under a brown heavy sneaker. The flower in the foreground and in focus. The foreground is blurred. The concept of fragility and defenselessness. #1361186246
apple,orange,18,apple/orange/cand_018.png,https://us.123rf.com/450wm/viperov/viperov1501/viperov150100015/35180189-mandarin-oranges-and-one-pineapple-lie-on-blue-terry-towels-in-the-form-of-numbers-in-2016.jpg?ver=6,terry: Mandarin oranges and one pineapple lie on blue terry towels in the form of numbers in 2016
banana,blue,10,banana/blue/cand_010.png,https://i2.wp.com/homemadeinterest.com/wp-content/uploads/2015/01/Purple-Monkey-Smoothie_featured-320x320.jpg,"Healthy smoothie recipe that is kid-friendly. Your kids will love this smoothie recipe made with blueberries, apples, and bananas. They won't even realize that you've added Sunsweet Prune juice!"
apple,orange,19,apple/orange/cand_019.png,https://us.123rf.com/450wm/bhofack2/bhofack21712/bhofack2171200269/91497101-%EC%98%A4%EB%A0%8C%EC%A7%80%EC%99%80-%ED%95%A8%EA%BB%98-%EC%9B%90%EC%8B%9C-%EC%9C%A0%EA%B8%B0%EB%86%8D-%EC%B1%84%EB%93%9C-%EC%83%90%EB%9F%AC%EB%93%9C-%EC%95%84%EB%AA%AC%EB%93%9C%EC%99%80-%EC%82%AC%EA%B3%BC.jpg?ver=6,Raw Organic Winter Chard Salad with Oranges Almonds and Apples
banana,blue,11,banana/blue/cand_011.png,https://i.pinimg.com/236x/06/dd/15/06dd1529cb84a00a1785dbe61fc9809f.jpg,The BEST Blueberry Banana Bread Recipe!
apple,orange,20,apple/orange/cand_020.png,https://images.food52.com/S4xcGAnHFhp7L8_Aeglhk92Azv8=/265x265/1de3a245-ceb3-409a-9219-90d68b792103--image_032.jpg,Radish & apple salad with an orange butternut oil dressing.
flower,brown,22,flower/brown/cand_022.png,http://i00.i.aliimg.com/wsphoto/v2/360115048/1_PC_Retail_Toddler_Girls_100_Handmade_Cotton_Pink_Brown_Hat_Beanies_With_2pcs_Flowers_Free_Shipping.jpg_200x200.jpg,1 PC Retail Toddler Girls 100% Handmade Cotton Pink/Brown Hat Beanies With 2pcs Flowers Free Shipping
flower,brown,23,flower/brown/cand_023.png,http://s.ecrater.com/stores/180385/4d2fa1635d3d0_180385f.jpg,"""6"""""""" Pink, Brown & White Triple Layered Daisy Flower nylon hanging ceiling wall baby nursery room dec"""
banana,blue,12,banana/blue/cand_012.png,https://i2.wp.com/onehundreddollarsamonth.com/wp-content/uploads/2014/03/Blueberry-Banana-Oat-Bread2.jpg?resize=550%2C367&,Blueberry Banana Oat Bread
flower,brown,24,flower/brown/cand_024.png,http://static8.depositphotos.com/1000820/898/i/450/depositphotos_8980212-Sliced-Brown-Bread-with-Sunflower-Seeds.jpg,Sliced Brown Bread with Sunflower Seeds — Stock Photo #8980212
flower,brown,25,flower/brown/cand_025.png,https://madeheart.com/media/productphoto/82/45543561/1_21_6.jpg,headbands and wreaths Brown leather headband with flower - MADEheart.com
flower,brown,26,flower/brown/cand_026.png,https://s3-us-west-2.amazonaws.com/tabs.web.media/a/t/atln/atln-square-175.jpg,"Send No Flowers, by Sandra Brown"
apple,orange,21,apple/orange/cand_021.png,https://i.ytimg.com/vi/LnUGl_A1cYA/mqdefault.jpg,"Annoying Orange Let's Play Temple Run 2!(NEWEST VIDEO: http://bit.ly/30MinsAO ➤ AO GAMING CHANNEL! ▸ http://bit.ly/AOGaming ➤ Don't be an apple! Subscribe! It's FREE! ▸ http://bit.ly/AOSub ..., 2014-03-31T11:00:03.000Z)"
polar bear,blue,1,polar_bear/blue/cand_001.png,https://img1.etsystatic.com/149/0/5386380/il_340x270.1212625617_se2a.jpg,213715 blue with white polar bear Canvas fabric from Japan
banana,blue,13,banana/blue/cand_013.png,https://i.pinimg.com/236x/d6/b7/a9/d6b7a938ea17ac707a202814de49aeda.jpg,Banana-Blueberry Overnight Oats
banana,blue,14,banana/blue/cand_014.png,https://www.sneakyveg.com/wp-content/uploads/2019/04/banana-blueberry-peanut-butter-cookies-recipe-sneaky-veg-2-150x150.jpg,peanut butter cookies with banana and blueberry on blue plate by Sneaky Veg. Vegan.
flower,brown,27,flower/brown/cand_027.png,https://cdn.modaoperandi.com/assets/images/products/557961/144727/medium_karen-walker-brown-lunar-flowerpatch-sunglasses.jpg?v=1484688496,Medium karen walker brown lunar flowerpatch sunglasses
apple,orange,22,apple/orange/cand_022.png,https://farm7.static.flickr.com/6126/5921589505_eb896b5169_m.jpg,I LOVE FRUITS (Hi I'm Adel) Tags: pictures wood summer orange hot texture love apple colors fruits wow cherry design yummy lemon strawberry colours fig peach pomegranate pic banana watermelon pineapple mango pear apricot kiwi grape texure
banana,orange,1,banana/orange/cand_001.png,https://farm7.static.flickr.com/6126/5921589505_eb896b5169_m.jpg,I LOVE FRUITS (Hi I'm Adel) Tags: pictures wood summer orange hot texture love apple colors fruits wow cherry design yummy lemon strawberry colours fig peach pomegranate pic banana watermelon pineapple mango pear apricot kiwi grape texure
apple,orange,23,apple/orange/cand_023.png,http://img0.etsystatic.com/013/0/7710561/il_170x135.433809896_ocqy.jpg,Amigurumi Apple and Orange PDF Crochet Pattern INSTANT DOWNLOAD
flower,brown,28,flower/brown/cand_028.png,https://cdn.scrapbook.com/products/cache/SBC_pri-535322_0.jpg,"Prima - Say It In Pearls Collection - Self Adhesive Jewel Art - Bling - Fairy Wings with Flowers - Light Brown, CLEARANCE"
flower,brown,29,flower/brown/cand_029.png,https://img0.etsystatic.com/000/1/6375494/il_170x135.324720176.jpg,merino arm warmers cream mittens brown crocheted flower cocoa chocolate bronze button cute feminine romantic spring autumn fall gift
banana,blue,15,banana/blue/cand_015.png,https://i.pinimg.com/736x/5c/d6/8b/5cd68b584092d250e4aa69e4f778fd03--healthy-bread-recipes-healthy-breads.jpg,Healthy Blueberry Banana Bread - everyone LOVES this bread!
banana,blue,16,banana/blue/cand_016.png,https://www.fabfood4all.co.uk/wp-content/uploads/2016/02/Monster-Pancakes-10-lr.jpg,"Monster Panccakes -with kiwi, blueberry, strawberry & banana faces."
banana,blue,17,banana/blue/cand_017.png,https://www.infinebalance.com/wp-content/uploads/2012/08/banana-oatmeal-700x875.jpg,"ingredients for baked banana oatmeal, oats, blueberry and ripe bananas"
apple,orange,24,apple/orange/cand_024.png,https://dgeiu3fz282x5.cloudfront.net/g/l/lg5273.jpg,Apples and Oranges - Paul Cezanne
apple,orange,25,apple/orange/cand_025.png,https://i.pinimg.com/236x/04/45/4b/04454bcfb4c95e3b9612014b808d538c.jpg,Jamaican Rum Punch recipe  1 cup Bacardi® 151 rum  1/2 cup Myer's® dark rum  1/4 cup Malibu® coconut rum  2 1/2 cups pineapple juice  2 1/2 cups orange juice  1/4 cup lime juice  3 tbsp grenadine syrup  ice cubes...Jake and I drank a lot if this in Jamaica :)
apple,orange,26,apple/orange/cand_026.png,https://multimedia.bbycastatic.ca/multimedia/products/500x500/106/10676/10676668.jpg,"Insten Spain Rubber Cover Case For Apple iPhone 4/4S, Orange"
apple,orange,27,apple/orange/cand_027.png,https://cdn.shopify.com/s/files/1/0465/0188/8158/products/5f66e5ea279a2-Apple-iPhone-7-with-Round-Cut.jpg?v=1600579132,Phone Case for Apple iPhone - Oranges
banana,blue,18,banana/blue/cand_018.png,https://cdn.shopify.com/s/files/1/0087/3974/9948/products/57_15d2dd44-10f2-4ac6-b7f4-c71fe84c1374_300x300.jpg?v=1590428606,Dark blue black uneven striped satin BANANA REPUBLIC sleeveless A-line dress 4
apple,orange,28,apple/orange/cand_028.png,https://images.pond5.com/oranges-and-apples-design-illustration-068837081_iconm.jpeg,Oranges and apples design Stock Illustration
apple,orange,29,apple/orange/cand_029.png,https://images.tmbi.com/wp-content/uploads/wwwroot/toh/images/photos/37/300x300/exps16244_lt10201c15.jpg,Apple-Orange Glazed Ham
banana,blue,19,banana/blue/cand_019.png,https://i0.wp.com/www.alattefood.com/wp-content/uploads/2016/01/Blue-Almond-Muffins-Long.jpg?resize=150%2C150&ssl=1,{Skinny} Blueberry Almond Banana Muffins
banana,blue,20,banana/blue/cand_020.png,https://i.pinimg.com/236x/b3/4e/7a/b34e7abbe31c28d4dc375912856687f7--green-algae-mother-nature.jpg,"Ocean Reefs Inspired Smoothie Bowl by @tropicallylina with the freckled trio kiwifruit balls and dehydrated coconut cubes. For the base I blended 2 frozen bananas, a scoop of blue majik spirulina, 1/2 tsp of green algae and 1 chilled and peeled kiwifrui"
banana,blue,21,banana/blue/cand_021.png,https://static1.squarespace.com/static/54277bd2e4b0da16ea5f05ee/t/54613458e4b0263200daaa09/1415656543821/,"Apples, bananas, carrots, cheeses, salami, boiled egg, blueberries and a few crackers (that was all the crackers I gave for four kids to share)."
banana,blue,22,banana/blue/cand_022.png,https://i.pinimg.com/736x/af/84/18/af8418a664af603aa2a3d33fc0bc8ebe--blueberry-crumb-muffins-blueberries-muffins.jpg,Banana Blueberry Crumb Muffins | Real Housemoms | The kids will love these for back to school
banana,blue,23,banana/blue/cand_023.png,https://www.lookbuck.com/system/products/items/images/005/567/247/small/01072016-4603-030_1.jpg?1467775696,Скейт мини круизер Flip S6 Banana Board Cruzer Red/Blue 6 x 23.25 (59 см)
banana,blue,24,banana/blue/cand_024.png,https://www.pookspantry.com/wp-content/uploads/2020/08/blueberry-banana-dog-treats.jpg,banana blueberry dog treats
banana,orange,2,banana/orange/cand_002.png,https://images-na.ssl-images-amazon.com/images/I/51mFYzZpkrL._SL250_.jpg,Florida Orange Groves Florida Banana
banana,blue,25,banana/blue/cand_025.png,http://edp.ua/upload/shop_images/thumbs/thumb_img1378922171.jpg,Banana Republic Wildblue - туалетная вода - 50 ml
banana,blue,26,banana/blue/cand_026.png,https://www.kimscravings.com/wp-content/uploads/2016/01/007title-196x280.jpg,"""3 Minute Blueberry Banana Microwave """"Baked"""" Oatmeal in a Mug- quick, easy and oh so scrumptious!"""
banana,blue,27,banana/blue/cand_027.png,https://i.pinimg.com/736x/c4/cf/87/c4cf876cac9b741aea05ad106b73a759--detox-smoothie-recipes-protein-smoothies.jpg,"5 of the BEST tasting and Easy to make Healthy Detox Smoothie Recipes that will help you with your healthier eating goal this year! Paleo, Whole 30 compliant with no bananas, dairy and refined sugar free! Includes: Tropical Detox Green, Skinny Orange Julius, Blackberry Blueberry Kale, Strawberry Ras"
banana,orange,3,banana/orange/cand_003.png,https://i.pinimg.com/736x/37/c9/f6/37c9f63b4bbdd0cabd63152178981e2f--womens-scarf-oversized-scarf.jpg,Plaid Scarf Black and Orange Tartan Scarf by bananafacility
banana,blue,28,banana/blue/cand_028.png,https://theapronarchives.files.wordpress.com/2015/05/vegan-blueberry-banana-nut-muffins-e1432723760611.jpg?w=620&h=413,Vegan Blueberry Banana Nut Muffins
banana,orange,4,banana/orange/cand_004.png,http://images.twinkl.co.uk/image/private/t_345/image_repo/d9/3c/T-N-149-Numbers-0-20-on-Fruit_ver_1.jpg,"Numbers 0-20 on Fruit - Fruit, topic,  foundation stage numeracy, Number recognition, Number flashcards, counting, number frieze, Display numbers, number posters, apple, orange, satsuma, pear, banana, tangerine, pineapple, grapes"
banana,blue,29,banana/blue/cand_029.png,https://thumbs.dreamstime.com/t/%C3%A2%E2%82%AC%C5%BElaem-mae-pim-beach-february-unidentified-tourist-playing-banana-boat-leam-mae-pim-beach-thailand-29997774.jpg,Banana boat in blue sea and clear sky Stock Images
banana,orange,5,banana/orange/cand_005.png,https://cdn.shopify.com/s/files/1/0001/8707/2571/products/Range-4_110x110@2x.jpg?v=1605980293,bigbanana Range Orange Printed Plus Size Polo Collar T-shirt
banana,orange,6,banana/orange/cand_006.png,https://www.fashionlady.in/wp-content/uploads/2015/11/yogurt-banana-and-orange-juice-face-pack.jpg,"Yogurt, Banana and Orange Juice Face Pack"
banana,orange,7,banana/orange/cand_007.png,https://i.pinimg.com/236x/ef/61/09/ef6109e0bfbfa7044f772cec94d63a52.jpg,"1 Cup kale 2 celery sticks 1 frozen banana 1 orange 1 pear Handful of almonds Coin size ginger 2 cups of water On top I have sprinkled cacao nibs, coconut chips and raspberry powder from Smoothie Recipes For Kids, Raw Juice, Healthy Green Smoothies, Rainbow Food, Good Morning Everyone, Breakfast Bow"
banana,orange,8,banana/orange/cand_008.png,https://us.123rf.com/450wm/alka5051/alka50511804/alka5051180400003/99304074-stock-vector-cartoon-fruit-characters-fruit-emoticons-stickers-grape-orange-apple-lemon-strawberry-peach-banana-p.jpg?ver=6,"Cartoon fruit characters. Fruit emoticons. Stickers Grape, orange, apple, lemon, strawberry, peach, banana, plum, cherry, pear"
banana,orange,9,banana/orange/cand_009.png,https://thumbs.dreamstime.com/t/cluster-ripe-bananas-two-oranges-9219970.jpg,Cluster of ripe bananas and two oranges Stock Photo
